"id";"todo";"status";"create_date"
33;"1 Task";2;""
35;"2 Task Task";1;""
37;"3 Task Task Task";3;""
38;"4 Task Taskjjj";2;""
39;"5 Task Task";2;""
40;"6 Task Task Task";1;""
41;"7 Task Taskjjjj";2;""
42;"8 Task Task Task Task";2;""
43;"9 Task Task Task";1;""
54;"11 Task Task Task9 Task Task llllTask";3;""
55;"12 Task Task Task9 Task Task Task";3;""
56;"13 Task Task Task9 Task Task Task";3;""
58;"14 Task Task Task9 Task Task Task";1;""
59;"15 Task Task Task9 Task Task Task";2;""
60;"16 Task Task Task9 Task Task Task";2;""
61;"17 Task Task Task9 Task Task Task";2;""
62;"18 Task Task Task9 Task Task Task";2;""
63;"fffffffftewtertretretretretret";2;""
64;"20 sdf ";1;"2017-03-01 14:07:49"
65;"21 asdfasdfasfasfsafasf";3;"2017-03-01 14:08:51"
66;"jjjjjjj";1;"2017-03-01 14:11:13"
67;"tttttt";1;"2017-03-01 14:12:39"
69;"ddddddd";1;"2017-03-01 14:16:04"
76;"gytryrtyryrty";2;""
